product_name,cost_per_unit
"CÉLIA by DESMARÉ – Dompet Mini Wanita 2 Resleting   | Kecil, Rapi, Stylish",16000.0
"CÉLIA by DESMARÉ – Dompet Mini Wanita 2 Resleting   | Kecil, Rapi, Stylish Kartu",16000.0
DESMARÉ LIVIA – Dompet Kartu Wanita Motif Croco Elegan dengan Resleting Gold Uang Kulit,17000.0
DESMARÉ Lune Mini Satchel Croco Black  Tas Selempang Wanita Elegan Kekinian Mini Bag Branded Premium,35000.0
DESMARÉ Lune Mini Satchel | VARIAN Tas Selempang Wanita Elegan Kekinian Mini Bag Branded Premium Cewek,35000.0
DESMARÉ Lune Mini Satchel | VARIAN Tas Selempang Wanita Elegan Kekinian Mini Bag Branded Premium Cewek Kulit,35000.0
DESMARÉ Strap Panjang Tas Wanita Adjustable | Tali Selempang Kulit Premium  Cocok untuk Shoulder Bag,5000.0
Dompet Koin Wanita Mini Porté by DESMARÉ – Bordir Elegan Anti Air Uang Hitam Kartu,3500.0
ÉLIANE by DESMARÉ Dompet Tangan Elegan Hitam dengan Detail Gold 2 Ruang untuk HP dan Aksesori Wanita Kartu,20000.0
